Date,Temperature,Humidity,Wind_Speed,PM25,PM10,NO2,SO2,AQI
2024-01-01,19.2,43.2,6.6,116.7,175.9,50.2,24.5,286
2024-01-02,18.0,37.2,3.3,141.3,237.2,50.7,24.5,329
2024-01-03,19.6,44.0,6.4,151.3,239.2,49.9,21.8,323
2024-01-04,21.5,33.3,4.5,119.3,189.9,43.3,24.3,290
2024-01-05,18.0,46.8,5.3,132.5,213.5,47.9,21.8,308
2024-01-06,18.1,43.9,8.8,117.6,192.0,48.7,22.2,294
2024-01-07,21.8,42.7,12.1,122.5,194.2,46.6,21.2,310
2024-01-08,20.3,46.2,8.2,123.0,199.9,35.9,18.8,299
2024-01-09,17.9,49.5,3.5,122.3,219.3,46.8,23.4,293
2024-01-10,20.0,46.1,8.4,124.9,214.6,56.7,24.6,307
2024-01-11,18.1,31.7,10.7,133.3,226.4,43.5,24.2,303
2024-01-12,18.2,34.4,5.3,120.1,185.4,41.4,25.0,297
2024-01-13,19.7,37.6,6.7,125.7,187.8,46.5,23.3,303
2024-01-14,15.5,40.8,7.2,103.5,179.9,45.9,20.6,244
2024-01-15,16.0,43.1,4.8,229.0,379.5,79.9,39.5,387
2024-01-16,18.4,36.9,9.2,235.3,398.6,67.3,32.7,385
2024-01-17,17.6,41.3,6.9,247.3,386.6,76.9,33.9,396
2024-01-18,20.3,36.6,8.5,231.9,367.6,75.7,33.5,385
2024-01-19,18.0,37.2,4.6,229.3,342.3,71.6,39.4,384
2024-01-20,17.1,33.2,6.0,228.6,359.8,73.6,38.8,383
2024-01-21,23.0,35.6,9.5,208.9,349.2,76.6,37.2,370
2024-01-22,19.7,33.4,6.3,230.4,361.6,75.3,38.7,389
2024-01-23,20.4,35.2,12.6,221.6,364.2,64.7,32.6,380
2024-01-24,17.5,45.3,6.3,215.7,342.3,74.0,36.0,375
2024-01-25,19.4,35.3,8.2,210.5,341.7,69.0,34.3,361
2024-01-26,20.8,53.2,10.3,212.4,322.6,69.2,36.9,371
2024-01-27,18.4,42.5,3.3,213.6,343.1,68.6,33.8,374
2024-01-28,21.6,40.9,2.3,216.5,301.5,66.9,32.7,377
2024-01-29,19.7,35.7,3.1,234.6,372.5,73.0,35.2,384
2024-01-30,20.5,43.5,11.5,196.1,289.2,66.0,35.8,355
2024-01-31,20.0,37.1,6.1,200.5,338.9,60.2,30.9,359
2024-02-01,25.0,40.6,15.5,181.0,301.3,63.2,32.4,349
2024-02-02,21.4,52.9,6.2,206.3,337.1,65.4,29.1,371
2024-02-03,19.4,39.6,8.4,191.0,328.4,70.0,24.4,352
2024-02-04,23.3,45.9,12.6,177.5,269.7,66.2,32.2,348
2024-02-05,19.3,36.6,14.0,192.3,333.9,58.3,33.1,356
2024-02-06,22.3,40.0,14.2,190.2,318.3,74.3,31.7,353
2024-02-07,18.1,49.1,11.7,171.0,270.1,62.5,24.7,338
2024-02-08,19.5,37.2,11.2,156.3,267.1,66.8,29.2,331
2024-02-09,22.7,49.4,10.0,184.1,277.9,59.0,23.2,350
2024-02-10,23.9,44.0,10.6,163.4,249.0,61.7,33.6,344
2024-02-11,22.9,37.7,6.7,181.2,280.7,62.5,25.9,342
2024-02-12,22.5,43.8,5.9,151.8,235.0,63.7,32.6,327
2024-02-13,22.2,45.5,8.4,173.8,262.2,62.2,31.3,338
2024-02-14,20.0,43.9,8.0,150.5,259.2,60.5,25.4,319
2024-02-15,21.7,33.0,7.2,168.2,265.2,53.9,24.3,337
2024-02-16,22.3,37.3,10.7,152.9,249.9,51.8,28.4,325
2024-02-17,25.5,39.9,11.6,139.0,213.9,55.6,24.5,329
2024-02-18,24.2,40.8,9.0,145.4,205.3,57.9,26.9,318
2024-02-19,20.1,44.4,13.3,147.1,239.3,51.4,24.8,315
2024-02-20,24.4,42.3,5.5,150.0,211.4,57.1,20.6,324
2024-02-21,23.1,34.9,8.4,147.6,235.1,58.3,18.8,310
2024-02-22,22.7,43.6,6.9,160.9,236.8,45.8,25.9,330
2024-02-23,25.4,44.9,3.5,127.7,234.1,45.5,23.1,305
2024-02-24,26.4,44.8,8.9,148.5,251.2,48.2,22.8,325
2024-02-25,26.3,47.6,8.9,130.6,210.5,49.8,26.2,313
2024-02-26,22.9,46.5,13.9,110.3,195.4,44.9,27.3,265
2024-02-27,24.1,44.8,11.3,107.0,158.6,53.6,22.6,256
2024-02-28,25.5,42.3,6.4,123.0,205.0,48.2,22.0,298
2024-02-29,27.0,34.5,15.1,118.3,192.3,45.6,24.2,288
2024-03-01,24.2,45.2,13.3,107.8,176.5,37.6,18.3,261
2024-03-02,24.9,44.2,11.4,124.3,218.0,37.5,22.7,296
2024-03-03,23.2,44.7,9.1,95.5,163.9,44.8,23.4,216
2024-03-04,23.2,37.2,7.0,110.5,181.1,32.1,23.4,263
2024-03-05,27.3,38.4,8.8,92.7,123.6,47.2,15.2,211
2024-03-06,28.5,49.2,13.3,99.6,145.0,40.7,18.5,241
2024-03-07,25.8,44.0,15.7,98.7,156.0,57.1,17.8,222
2024-03-08,28.1,47.8,14.8,84.5,136.6,51.8,20.4,172
2024-03-09,27.0,44.8,8.8,69.3,93.9,38.7,21.2,130
2024-03-10,25.1,45.0,7.0,97.6,192.3,38.5,24.0,225
2024-03-11,27.2,49.8,10.8,91.8,169.7,43.4,17.7,207
2024-03-12,29.7,42.7,5.2,97.6,165.3,46.4,17.4,223
2024-03-13,26.7,46.0,11.5,94.1,151.7,29.1,22.1,212
2024-03-14,30.0,43.5,10.2,70.8,110.1,27.8,19.2,137
2024-03-15,21.8,43.8,9.3,87.4,125.6,33.0,21.9,196
2024-03-16,28.8,44.7,6.0,95.4,153.7,38.5,18.7,208
2024-03-17,27.5,47.6,12.4,53.9,90.2,37.6,14.1,88
2024-03-18,26.8,44.4,9.4,77.4,105.3,39.9,13.3,159
2024-03-19,27.8,53.3,7.5,69.9,116.9,28.1,12.4,128
2024-03-20,23.7,42.8,2.5,79.7,125.2,22.0,18.8,174
2024-03-21,27.4,46.6,11.1,69.1,82.0,37.4,20.1,127
2024-03-22,28.7,45.6,16.6,50.7,68.2,28.5,21.9,84
2024-03-23,31.0,55.3,16.4,47.3,69.5,22.1,18.6,81
2024-03-24,27.2,49.4,10.1,62.0,127.6,32.4,19.3,103
2024-03-25,26.7,53.8,9.8,49.6,87.7,35.2,13.9,73
2024-03-26,27.5,41.5,13.1,42.9,48.7,30.2,12.0,69
2024-03-27,30.4,50.6,8.7,65.4,112.0,28.1,17.8,123
2024-03-28,29.4,54.0,12.7,39.5,40.0,29.2,16.3,64
2024-03-29,27.8,50.2,14.2,53.9,102.5,27.8,15.1,85
2024-03-30,30.0,55.5,15.7,48.1,69.9,22.5,15.8,84
2024-03-31,29.3,47.8,11.8,30.6,47.6,25.3,15.4,49
2024-04-01,31.1,57.8,11.6,40.0,83.9,31.1,18.1,64
2024-04-02,27.9,62.5,9.6,60.2,77.0,29.8,18.0,101
2024-04-03,28.8,49.5,9.9,36.8,37.9,28.7,15.6,65
2024-04-04,28.7,49.4,11.8,37.8,51.7,22.5,16.3,74
2024-04-05,26.7,59.2,13.6,43.0,84.3,26.3,15.1,75
2024-04-06,30.4,60.2,15.3,42.4,45.0,16.0,12.1,76
2024-04-07,30.4,50.0,10.3,38.4,20.0,27.5,15.6,61
2024-04-08,30.0,50.8,17.2,23.4,30.6,33.4,9.0,33
2024-04-09,29.6,51.8,12.0,50.3,88.7,18.7,16.2,84
2024-04-10,27.4,46.9,12.9,51.1,99.8,22.8,9.3,85
2024-04-11,29.5,49.3,10.8,45.6,66.0,27.1,13.6,70
2024-04-12,29.7,49.2,5.8,43.1,62.8,31.5,10.1,70
2024-04-13,28.9,50.7,15.8,18.2,46.4,22.8,14.2,32
2024-04-14,30.3,54.7,15.5,17.6,20.0,21.3,12.3,31
2024-04-15,31.5,56.4,12.5,34.7,49.7,14.7,7.5,60
2024-04-16,34.6,63.3,13.6,31.1,52.6,24.9,13.4,53
2024-04-17,31.2,50.9,15.1,37.9,67.5,34.3,10.3,60
2024-04-18,31.5,61.2,8.9,38.9,54.5,25.3,14.6,62
2024-04-19,30.9,55.5,12.1,11.8,20.0,23.6,11.9,15
2024-04-20,27.3,56.7,16.2,30.5,20.0,25.2,13.0,59
2024-04-21,31.2,60.6,10.1,18.4,20.0,23.3,8.8,30
2024-04-22,31.4,52.0,14.8,16.8,33.7,19.2,9.8,26
2024-04-23,36.3,59.9,9.9,29.8,33.0,27.2,10.2,45
2024-04-24,31.1,59.1,15.5,38.3,62.2,24.0,14.0,78
2024-04-25,32.2,61.1,14.1,51.0,88.3,22.8,16.4,79
2024-04-26,31.6,60.4,9.4,32.4,46.7,17.7,8.9,51
2024-04-27,29.4,71.6,17.8,11.4,20.7,29.0,14.5,20
2024-04-28,34.1,56.5,12.2,26.4,27.9,25.7,4.7,47
2024-04-29,33.4,57.3,12.0,29.7,44.4,19.5,7.5,54
2024-04-30,33.5,57.2,15.1,12.5,29.1,27.1,8.2,29
2024-05-01,30.2,57.9,18.1,28.8,48.5,19.5,6.9,50
2024-05-02,34.9,57.8,11.6,22.4,27.0,18.0,6.2,31
2024-05-03,29.3,67.3,14.9,19.7,34.8,18.0,12.1,31
2024-05-04,33.4,68.8,16.1,19.2,41.4,12.8,10.2,33
2024-05-05,36.6,59.2,17.0,15.1,20.0,23.9,11.9,35
2024-05-06,30.3,58.2,15.5,21.1,51.2,12.3,12.8,28
2024-05-07,31.2,65.1,13.9,10.0,20.0,15.3,11.5,22
2024-05-08,32.6,60.3,12.6,10.8,23.7,11.0,12.6,18
2024-05-09,31.5,66.6,15.4,10.0,34.0,20.8,10.4,20
2024-05-10,29.4,64.8,12.0,21.1,20.0,20.4,7.0,34
2024-05-11,32.7,56.5,6.5,32.4,41.2,19.5,13.7,49
2024-05-12,30.5,72.2,16.7,13.8,20.0,15.8,8.8,26
2024-05-13,33.6,73.8,18.1,23.5,25.8,15.1,7.7,42
2024-05-14,30.9,62.0,8.4,21.0,59.7,23.2,9.9,39
2024-05-15,35.8,63.5,12.5,21.4,21.4,18.1,7.7,35
2024-05-16,31.2,67.2,17.5,10.0,20.0,22.4,9.2,15
2024-05-17,32.1,67.8,21.8,10.0,20.0,16.3,11.4,15
2024-05-18,34.4,69.7,15.8,16.1,20.0,21.6,11.4,31
2024-05-19,30.4,76.8,13.6,20.8,27.3,27.2,7.6,36
2024-05-20,33.3,66.2,15.3,10.0,20.8,23.6,8.9,15
2024-05-21,35.5,63.4,20.0,10.0,20.0,18.5,13.5,15
2024-05-22,29.7,60.8,14.0,10.0,20.0,21.8,11.8,15
2024-05-23,33.3,64.4,13.6,10.0,20.0,19.3,16.5,15
2024-05-24,33.5,68.2,14.6,18.9,20.0,20.5,13.8,27
2024-05-25,34.5,77.6,13.2,17.7,33.2,18.8,13.7,23
2024-05-26,30.5,66.4,16.5,11.9,45.4,19.6,6.1,17
2024-05-27,30.3,70.4,21.1,10.0,20.0,21.5,12.5,15
2024-05-28,34.0,69.5,17.2,10.0,20.0,15.4,10.0,15
2024-05-29,33.6,75.8,15.5,10.0,26.4,15.3,8.5,26
2024-05-30,33.5,82.8,15.5,15.1,20.0,13.4,10.7,31
2024-05-31,33.7,67.8,11.7,17.9,54.2,12.3,13.0,25
2024-06-01,31.6,68.3,19.1,10.0,20.0,14.2,11.6,18
2024-06-02,33.5,76.3,16.2,10.0,40.5,21.1,7.5,18
2024-06-03,33.6,74.7,16.0,10.0,20.0,15.8,12.3,22
2024-06-04,31.5,80.8,26.1,10.0,43.3,22.8,8.2,15
2024-06-05,36.7,74.8,17.5,10.0,27.6,20.4,10.8,22
2024-06-06,33.9,70.4,14.3,10.0,24.3,10.4,9.2,15
2024-06-07,30.5,75.4,15.4,14.6,26.9,23.5,9.4,17
2024-06-08,34.2,78.3,20.1,10.0,20.0,24.2,12.4,20
2024-06-09,30.9,77.1,17.0,15.7,43.1,15.2,7.0,32
2024-06-10,34.4,75.8,12.4,18.1,31.1,22.2,15.9,43
2024-06-11,35.2,78.8,19.5,10.0,20.0,15.9,4.6,15
2024-06-12,31.2,79.6,14.8,10.0,20.0,20.6,8.3,20
2024-06-13,34.7,80.9,22.4,10.0,20.0,13.8,11.2,15
2024-06-14,33.6,77.5,20.1,10.0,20.6,11.1,11.8,20
2024-06-15,34.4,73.6,15.5,10.0,20.0,18.2,9.7,15
2024-06-16,36.5,75.4,20.7,10.0,34.3,19.5,9.9,15
2024-06-17,32.1,81.0,17.1,10.0,20.0,18.1,11.3,15
2024-06-18,31.1,71.1,19.5,10.0,20.0,14.2,9.3,17
2024-06-19,30.8,77.2,18.4,10.0,20.0,18.1,14.2,15
2024-06-20,30.9,73.6,14.4,10.0,27.4,21.4,12.6,19
2024-06-21,32.3,76.0,15.0,10.0,20.0,19.8,12.6,21
2024-06-22,33.1,82.4,20.1,11.3,24.3,21.0,7.1,21
2024-06-23,32.9,77.2,16.0,10.0,20.0,16.7,9.8,24
2024-06-24,33.9,76.7,15.8,21.9,54.2,25.9,9.1,38
2024-06-25,32.3,69.8,14.1,10.0,31.6,14.2,7.0,15
2024-06-26,35.1,80.5,18.3,10.0,24.8,22.5,11.1,23
2024-06-27,31.6,80.2,23.2,10.0,20.0,25.9,8.4,15
2024-06-28,37.5,88.0,13.8,21.8,43.6,22.4,12.0,40
2024-06-29,33.2,75.8,17.1,10.0,20.0,19.0,6.8,24
2024-06-30,30.2,78.6,21.2,10.0,28.8,17.4,15.2,18
2024-07-01,29.7,78.9,16.8,10.0,40.7,25.2,7.3,15
2024-07-02,32.7,85.7,18.4,10.0,32.1,12.9,10.7,15
2024-07-03,31.2,77.5,13.8,20.6,22.0,15.2,12.4,40
2024-07-04,33.0,79.5,18.3,17.2,32.9,18.0,8.3,27
2024-07-05,32.5,81.3,16.4,10.0,20.0,26.2,12.6,17
2024-07-06,31.3,79.4,19.9,10.0,24.6,21.9,6.3,20
2024-07-07,29.7,76.3,20.5,10.0,22.8,15.2,14.4,20
2024-07-08,28.3,79.6,24.7,10.0,20.0,18.5,10.0,18
2024-07-09,30.3,84.2,18.7,10.0,20.0,16.9,8.2,15
2024-07-10,32.8,73.8,17.9,10.0,20.0,16.5,9.1,15
2024-07-11,31.4,79.7,17.5,10.0,20.0,24.9,12.4,20
2024-07-12,28.4,75.6,15.8,10.0,20.0,13.2,8.3,19
2024-07-13,31.2,85.2,17.9,10.0,21.8,28.1,7.8,15
2024-07-14,31.5,71.7,16.0,10.0,20.0,24.1,9.3,22
2024-07-15,28.9,76.6,17.3,10.0,20.0,25.5,6.5,16
2024-07-16,30.9,81.4,20.7,10.0,20.0,17.7,15.5,15
2024-07-17,30.6,87.4,13.7,18.3,45.0,19.3,8.3,26
2024-07-18,28.1,79.3,20.2,10.1,41.0,12.8,12.5,15
2024-07-19,31.0,76.9,20.7,10.0,20.0,17.4,10.6,15
2024-07-20,31.3,89.2,16.3,10.0,20.0,22.5,7.0,22
2024-07-21,32.2,72.6,10.3,10.0,23.4,26.5,10.0,15
2024-07-22,32.0,68.9,14.8,10.0,20.0,14.5,12.4,17
2024-07-23,27.1,82.1,20.5,10.0,20.0,18.2,9.4,15
2024-07-24,27.8,77.4,16.5,10.0,27.1,19.2,13.6,15
2024-07-25,30.6,74.8,13.5,10.0,20.0,13.0,13.1,15
2024-07-26,30.5,83.5,15.0,10.0,35.8,23.0,12.8,15
2024-07-27,30.4,81.2,19.0,10.0,20.0,16.4,8.6,15
2024-07-28,37.0,77.2,18.0,10.0,20.0,19.0,6.8,19
2024-07-29,30.3,73.6,15.6,10.0,20.0,17.7,8.2,17
2024-07-30,31.3,84.4,15.2,10.0,20.0,16.1,10.6,15
2024-07-31,30.8,83.2,15.1,10.0,20.0,20.0,11.6,22
2024-08-01,30.1,79.5,13.5,10.0,38.4,18.9,3.5,17
2024-08-02,28.0,89.2,21.0,15.2,24.9,18.1,10.0,26
2024-08-03,30.0,74.6,15.2,20.7,39.7,16.4,10.5,34
2024-08-04,26.9,72.3,19.7,10.0,30.3,21.6,9.2,15
2024-08-05,27.8,76.4,20.6,10.0,20.0,28.3,13.9,17
2024-08-06,27.2,79.6,19.0,10.0,23.1,20.7,11.3,19
2024-08-07,28.2,81.0,14.6,10.0,20.0,25.0,13.9,15
2024-08-08,32.5,78.5,17.1,12.6,32.8,13.0,9.4,18
2024-08-09,24.0,81.4,15.7,21.8,20.0,20.8,12.8,34
2024-08-10,29.0,73.3,13.1,10.0,20.0,14.5,14.9,17
2024-08-11,24.3,86.7,16.7,10.0,20.0,12.6,13.9,22
2024-08-12,26.4,79.0,12.1,22.0,41.7,16.3,6.7,32
2024-08-13,29.4,84.9,19.2,10.0,23.1,26.0,9.2,15
2024-08-14,27.2,81.0,14.1,14.3,20.0,24.8,9.0,21
2024-08-15,24.8,81.5,16.1,10.0,20.0,21.2,11.5,15
2024-08-16,25.4,81.9,16.3,10.0,20.0,12.3,12.1,15
2024-08-17,28.1,81.2,14.6,10.0,20.0,19.0,7.5,20
2024-08-18,25.1,82.1,17.0,14.9,36.5,21.5,10.2,19
2024-08-19,26.9,85.4,13.8,21.0,28.1,20.9,3.9,37
2024-08-20,26.4,79.6,17.8,10.0,20.0,10.8,14.3,15
2024-08-21,24.9,82.0,11.0,13.0,20.0,15.5,8.5,18
2024-08-22,30.3,77.9,15.4,10.0,20.0,19.7,10.2,15
2024-08-23,27.2,85.4,20.8,10.0,20.0,22.7,9.1,25
2024-08-24,21.7,74.7,11.9,17.9,20.0,9.0,13.4,28
2024-08-25,26.0,86.9,12.8,10.2,20.0,19.2,2.0,15
2024-08-26,24.2,77.6,16.3,16.8,46.9,20.7,10.0,18
2024-08-27,27.0,70.4,15.2,10.0,20.7,24.2,9.7,16
2024-08-28,23.6,78.1,15.6,12.2,20.0,23.5,8.6,23
2024-08-29,24.8,73.9,16.0,10.0,22.8,22.9,15.2,18
2024-08-30,25.9,81.3,16.3,10.0,20.0,16.0,7.3,17
2024-08-31,26.5,73.6,17.7,10.0,20.0,10.5,12.3,22
2024-09-01,22.3,74.5,15.5,10.0,20.0,18.0,11.1,15
2024-09-02,23.8,67.1,13.5,10.0,20.0,25.0,13.8,21
2024-09-03,23.4,74.1,16.1,10.0,20.0,27.0,8.0,15
2024-09-04,22.9,64.0,19.7,10.0,20.0,23.6,7.8,15
2024-09-05,27.6,68.0,13.6,10.0,20.0,22.1,13.3,15
2024-09-06,24.8,79.5,11.0,10.0,20.0,21.9,11.3,15
2024-09-07,21.3,79.4,17.1,21.8,20.7,17.2,5.4,36
2024-09-08,25.5,77.4,13.4,23.8,47.1,19.3,8.4,40
2024-09-09,27.8,70.2,7.1,10.0,20.0,28.3,11.2,16
2024-09-10,25.5,74.6,16.1,12.7,32.0,15.3,12.5,16
2024-09-11,20.3,74.6,11.9,10.0,20.0,28.1,8.0,15
2024-09-12,22.2,68.6,13.1,12.9,20.0,18.4,2.0,15
2024-09-13,25.6,81.6,14.3,11.5,20.0,26.6,11.6,25
2024-09-14,21.5,78.3,13.8,10.0,20.0,13.0,6.3,15
2024-09-15,23.6,72.5,15.3,10.0,30.6,22.9,3.9,15
2024-09-16,24.2,73.5,11.8,10.0,23.7,16.3,2.0,24
2024-09-17,20.6,74.1,14.5,10.0,30.7,12.9,12.4,15
2024-09-18,22.2,62.6,12.1,10.0,23.8,21.1,10.4,15
2024-09-19,15.8,71.3,15.0,10.0,20.0,25.0,9.3,15
2024-09-20,20.1,68.9,14.6,10.0,20.0,15.8,14.2,16
2024-09-21,21.5,67.0,9.8,22.1,23.6,12.5,11.9,38
2024-09-22,19.4,70.4,15.8,21.1,53.8,19.5,14.8,38
2024-09-23,25.0,80.5,10.9,10.0,20.0,19.6,5.8,29
2024-09-24,18.7,74.4,14.8,10.2,29.7,22.7,9.9,15
2024-09-25,20.6,68.0,13.4,14.9,37.2,24.7,5.1,27
2024-09-26,21.6,73.5,17.7,10.0,43.4,19.7,9.3,15
2024-09-27,24.1,77.3,11.5,13.6,20.0,29.3,9.3,19
2024-09-28,18.2,74.6,11.0,20.9,44.2,21.1,11.9,31
2024-09-29,23.3,70.0,11.9,17.0,61.4,18.3,10.1,23
2024-09-30,20.9,66.2,11.0,10.0,20.0,11.9,11.9,25
2024-10-01,18.8,72.6,14.2,17.4,20.0,18.7,12.1,33
2024-10-02,21.6,70.8,6.9,28.6,20.0,18.3,16.5,47
2024-10-03,20.9,73.0,8.5,10.0,26.7,24.8,9.1,23
2024-10-04,19.2,71.4,8.3,17.9,20.0,22.3,7.2,22
2024-10-05,20.4,73.1,14.3,15.4,20.0,14.1,10.7,19
2024-10-06,19.4,64.9,16.5,10.0,22.6,20.9,7.6,15
2024-10-07,20.3,73.8,11.0,24.3,41.6,23.4,14.4,36
2024-10-08,21.3,67.9,10.7,37.6,66.6,27.6,9.2,63
2024-10-09,23.0,77.0,11.3,10.0,20.0,24.4,8.3,17
2024-10-10,17.3,62.8,14.5,10.0,35.2,23.8,8.6,17
2024-10-11,23.9,74.6,8.2,20.8,20.0,20.3,12.2,27
2024-10-12,15.6,66.6,11.6,19.9,21.6,21.9,9.5,37
2024-10-13,19.2,62.0,13.7,10.0,20.0,26.2,8.1,17
2024-10-14,20.5,62.5,12.2,26.3,54.5,13.3,15.0,47
2024-10-15,19.8,63.0,11.2,10.0,29.5,18.3,7.4,15
2024-10-16,17.9,66.4,13.5,16.6,33.4,16.1,10.1,29
2024-10-17,18.7,66.5,2.3,20.5,50.5,21.9,12.0,28
2024-10-18,18.0,60.7,12.4,28.6,28.1,26.2,5.1,45
2024-10-19,17.7,63.1,8.3,37.5,84.9,17.0,11.4,65
2024-10-20,20.5,73.6,4.7,15.3,47.3,8.0,6.8,25
2024-10-21,19.4,71.2,11.6,10.0,27.0,17.9,12.5,15
2024-10-22,17.2,64.4,14.2,17.4,54.5,24.6,7.1,28
2024-10-23,20.3,62.1,9.5,11.8,20.0,22.7,12.1,15
2024-10-24,19.1,62.1,12.7,10.4,20.0,22.1,13.3,23
2024-10-25,20.0,64.3,14.6,10.0,20.0,18.6,12.6,15
2024-10-26,19.6,55.7,13.7,10.0,26.8,13.6,10.8,22
2024-10-27,16.6,59.2,14.6,10.0,20.0,22.6,9.3,15
2024-10-28,17.0,51.8,11.8,10.0,27.4,15.8,8.3,15
2024-10-29,19.6,61.8,9.7,10.5,37.3,30.9,14.4,15
2024-10-30,19.2,62.7,4.6,37.5,70.5,22.9,7.9,66
2024-10-31,17.9,56.7,8.6,10.0,20.3,17.1,6.9,15
2024-11-01,18.1,66.7,6.7,28.0,30.0,16.9,12.0,49
2024-11-02,20.4,52.3,15.7,10.0,20.0,19.5,7.6,15
2024-11-03,16.6,50.8,8.6,14.3,41.6,18.8,7.1,15
2024-11-04,18.8,58.9,9.4,23.8,49.7,25.6,5.7,36
2024-11-05,17.3,62.7,10.6,17.4,27.3,20.9,8.6,23
2024-11-06,17.2,65.5,9.1,22.1,29.1,16.3,9.8,37
2024-11-07,19.8,54.4,13.9,18.8,20.0,29.5,10.7,25
2024-11-08,19.2,61.8,6.9,16.3,20.0,20.2,12.9,31
2024-11-09,19.1,55.9,9.3,10.0,44.7,23.8,11.6,16
2024-11-10,20.0,54.9,6.4,10.0,20.0,17.0,9.4,15
2024-11-11,17.4,59.8,4.6,14.8,26.5,21.8,9.4,27
2024-11-12,18.7,58.3,6.7,49.4,94.2,21.6,11.5,87
2024-11-13,16.7,46.8,8.4,29.9,29.0,10.6,13.8,49
2024-11-14,17.9,61.8,7.1,10.0,20.0,30.1,10.4,15
2024-11-15,17.0,61.0,6.3,10.0,30.1,26.5,8.6,15
2024-11-16,17.4,50.6,4.1,28.7,46.1,18.0,7.0,44
2024-11-17,18.4,55.4,8.0,23.5,80.6,14.5,5.7,36
2024-11-18,15.5,55.6,3.7,30.0,23.0,21.7,12.0,50
2024-11-19,21.3,54.1,10.4,11.8,34.8,20.4,11.7,18
2024-11-20,15.1,49.7,8.3,16.3,23.4,21.8,11.7,30
2024-11-21,14.6,48.8,3.6,27.8,56.1,21.0,9.6,43
2024-11-22,19.4,51.7,7.0,20.3,39.1,22.5,14.2,33
2024-11-23,18.6,57.4,5.7,10.0,20.0,27.2,8.5,22
2024-11-24,18.3,53.9,8.8,14.5,26.6,22.8,12.9,25
2024-11-25,18.3,49.0,11.8,10.0,20.0,14.8,9.9,16
2024-11-26,17.0,54.4,2.1,28.5,54.7,26.8,8.2,44
2024-11-27,15.2,36.0,8.1,47.7,80.9,28.2,11.8,76
2024-11-28,17.2,55.7,7.2,22.9,46.2,35.8,11.2,33
2024-11-29,15.6,41.0,9.7,12.4,35.7,14.4,11.1,17
2024-11-30,19.0,47.6,8.2,26.9,48.5,21.2,10.2,48
2024-12-01,16.7,43.5,5.3,26.9,45.2,9.6,9.9,43
2024-12-02,15.4,42.3,6.6,24.4,25.8,22.8,17.2,33
2024-12-03,16.4,54.3,5.1,28.4,34.8,17.3,13.6,56
2024-12-04,17.9,45.9,10.7,34.6,73.1,29.6,12.2,59
2024-12-05,15.9,49.7,7.5,10.0,37.5,16.1,10.3,15
2024-12-06,15.4,47.5,13.1,15.1,20.6,11.6,13.0,22
2024-12-07,17.6,49.8,7.2,10.0,20.0,17.6,11.6,17
2024-12-08,17.6,47.5,5.2,27.8,30.9,10.1,10.1,54
2024-12-09,16.1,40.5,2.7,16.7,44.3,23.8,9.1,22
2024-12-10,16.2,51.6,2.0,22.8,46.5,9.7,9.8,42
2024-12-11,17.6,43.9,2.5,23.3,66.4,20.1,2.0,45
2024-12-12,14.3,38.4,8.0,27.7,31.2,9.6,10.6,43
2024-12-13,14.4,43.7,8.7,26.1,36.1,18.4,8.5,42
2024-12-14,15.8,53.2,2.4,13.9,25.7,28.2,14.8,18
2024-12-15,16.9,49.7,9.8,135.8,227.0,51.8,25.1,311
2024-12-16,18.0,43.4,5.7,134.4,211.8,45.7,21.4,310
2024-12-17,20.3,43.2,7.5,126.0,188.5,49.8,24.8,307
2024-12-18,19.2,43.1,11.9,129.7,220.7,50.0,21.8,312
2024-12-19,17.2,54.9,9.8,131.8,221.7,52.2,26.4,305
2024-12-20,17.5,46.2,6.3,164.1,248.9,43.0,25.8,324
2024-12-21,15.6,46.2,4.4,146.7,255.0,52.7,27.7,320
2024-12-22,17.6,49.0,2.0,131.8,228.4,36.1,22.4,310
2024-12-23,17.1,44.9,4.9,135.1,218.2,46.4,24.9,312
2024-12-24,18.4,42.2,6.4,148.2,238.4,47.0,20.6,320
2024-12-25,16.1,42.3,4.0,161.8,267.3,52.4,26.7,332
2024-12-26,18.9,42.7,6.6,120.6,180.1,49.2,26.1,308
2024-12-27,21.0,42.7,7.2,116.1,186.2,41.9,26.0,288
2024-12-28,17.8,46.4,6.3,154.3,214.5,43.8,24.4,324
2024-12-29,18.9,42.8,5.1,140.6,238.1,49.6,25.5,313
2024-12-30,19.5,46.1,7.5,123.5,174.2,48.0,29.0,301
2024-12-31,17.4,41.8,8.3,135.4,239.2,45.2,23.2,320
2025-01-01,18.6,42.6,3.7,110.6,172.0,45.7,24.5,267
2025-01-02,18.3,32.1,11.2,124.8,196.5,51.4,20.7,303
2025-01-03,18.5,46.5,6.7,133.9,204.8,45.1,21.2,308
2025-01-04,16.9,43.5,7.1,138.3,216.9,47.0,24.0,319
2025-01-05,18.6,46.6,9.2,114.7,204.8,58.0,26.9,292
2025-01-06,19.6,27.0,7.7,126.7,165.4,39.7,22.7,307
2025-01-07,21.6,51.8,9.9,112.2,198.7,37.3,22.6,274
2025-01-08,20.7,40.6,7.9,125.8,206.4,50.2,21.9,304
2025-01-09,23.2,46.7,5.2,117.1,169.2,42.6,21.4,278
2025-01-10,17.4,35.8,8.2,116.3,169.9,44.1,23.7,291
2025-01-11,20.8,44.0,3.7,115.9,210.5,41.4,18.2,286
2025-01-12,19.5,35.6,7.5,125.3,186.4,43.7,26.3,306
2025-01-13,23.6,37.6,7.0,126.7,185.3,52.7,20.3,301
2025-01-14,17.7,50.2,6.5,115.1,201.2,48.3,24.3,281
2025-01-15,17.7,39.6,6.8,236.0,382.7,78.3,33.2,387
2025-01-16,18.3,41.6,2.0,226.9,348.9,66.5,38.8,387
2025-01-17,15.4,44.8,5.6,231.4,373.5,67.4,38.6,383
2025-01-18,18.7,42.8,7.6,229.3,351.5,58.6,37.5,394
2025-01-19,18.3,41.0,7.8,253.9,422.8,68.3,33.2,406
2025-01-20,20.2,42.1,4.2,220.1,368.1,76.7,36.7,370
2025-01-21,20.7,52.2,11.2,233.6,381.8,74.0,32.2,386
2025-01-22,23.9,39.8,4.8,236.5,383.9,69.8,34.7,386
2025-01-23,22.1,41.1,10.3,219.0,376.9,70.3,38.3,365
2025-01-24,19.2,45.3,8.7,234.1,374.6,66.5,37.3,395
2025-01-25,18.7,45.6,5.6,222.9,338.8,70.4,34.7,382
2025-01-26,21.6,46.0,12.9,209.8,342.5,72.6,31.5,371
2025-01-27,18.1,43.2,4.0,216.4,377.6,60.2,36.1,375
2025-01-28,24.5,34.3,10.4,217.3,332.4,69.2,33.9,367
2025-01-29,23.3,48.2,10.7,213.2,335.7,71.7,26.6,369
2025-01-30,20.1,34.3,5.7,201.0,327.8,64.4,35.6,366
2025-01-31,17.7,41.5,11.9,182.2,290.7,69.3,32.8,342
2025-02-01,24.0,36.3,7.0,198.1,302.2,79.3,36.2,347
2025-02-02,21.2,39.7,8.7,187.1,316.1,64.0,29.0,350
2025-02-03,24.0,41.7,8.7,191.8,341.7,65.8,22.4,354
2025-02-04,18.5,41.7,7.5,203.9,329.1,59.5,32.4,365
2025-02-05,20.6,42.3,10.4,179.9,274.3,63.4,32.1,349
2025-02-06,21.9,48.3,10.4,181.3,266.8,64.1,25.8,350
2025-02-07,22.1,42.5,2.9,190.9,309.3,62.1,27.6,355
2025-02-08,21.3,39.1,12.1,182.2,308.0,55.3,38.5,353
2025-02-09,23.5,45.2,3.2,161.7,265.8,60.8,29.0,324
2025-02-10,20.3,46.4,11.4,163.0,260.8,66.3,31.7,335
2025-02-11,22.3,34.4,11.7,167.8,259.7,60.6,27.2,339
2025-02-12,22.9,43.6,5.1,184.7,279.2,62.4,22.5,343
2025-02-13,23.9,44.2,7.2,161.8,271.4,55.7,27.9,324
2025-02-14,24.4,39.3,5.2,148.1,250.6,59.9,27.3,317
2025-02-15,20.8,47.8,7.9,166.0,242.5,56.8,26.5,332
2025-02-16,20.2,40.2,7.7,150.9,265.3,49.9,27.0,327
2025-02-17,25.9,41.7,11.0,137.4,228.5,55.6,27.8,310
2025-02-18,24.2,40.3,12.7,137.7,241.3,48.3,26.2,309
2025-02-19,22.1,41.4,13.0,138.7,201.8,49.4,22.5,311
2025-02-20,26.9,36.0,7.2,140.3,204.0,52.7,27.4,321
2025-02-21,24.1,34.4,8.3,119.7,189.3,52.6,19.7,299
2025-02-22,26.4,49.7,4.0,154.4,254.6,44.4,19.0,325
2025-02-23,24.3,37.6,6.7,151.3,269.0,54.9,27.0,323
2025-02-24,28.4,37.1,12.1,134.1,225.2,51.8,26.0,317
2025-02-25,28.0,31.4,14.1,110.4,172.9,44.7,23.9,264
2025-02-26,24.1,39.1,5.6,129.6,192.0,39.8,19.6,313
2025-02-27,26.7,35.9,7.6,125.8,219.7,46.1,21.3,305
2025-02-28,26.2,50.9,9.4,126.4,187.8,43.9,22.3,304
2025-03-01,27.7,47.9,10.4,122.9,221.0,46.0,17.9,314
2025-03-02,23.2,39.6,7.2,110.9,173.2,42.9,20.2,264
2025-03-03,26.6,54.4,11.0,110.7,201.0,34.0,24.0,267
2025-03-04,27.5,48.3,8.3,115.7,195.4,41.5,26.0,279
2025-03-05,22.0,41.9,9.8,120.9,191.4,41.2,20.1,305
2025-03-06,23.3,31.3,11.6,108.2,165.3,45.3,23.3,269
2025-03-07,21.7,55.4,10.0,108.8,168.9,38.0,15.0,270
2025-03-08,25.4,37.2,8.8,101.1,168.1,49.2,22.4,243
2025-03-09,27.5,36.2,9.8,110.3,177.6,30.7,17.7,266
2025-03-10,29.2,49.7,10.0,97.6,147.2,46.2,20.7,223
2025-03-11,26.5,57.0,9.2,83.6,131.3,37.9,18.8,170
2025-03-12,29.8,52.0,9.6,103.3,166.4,42.7,23.2,254
2025-03-13,23.9,48.1,15.3,85.4,104.7,38.2,16.3,187
2025-03-14,23.4,48.5,12.2,76.3,128.9,43.0,20.5,151
2025-03-15,26.8,50.0,9.8,77.4,109.1,34.8,17.5,164
2025-03-16,27.8,49.8,12.8,78.4,108.1,30.7,17.6,156
2025-03-17,27.1,47.7,9.8,82.4,106.5,42.7,17.3,176
2025-03-18,23.2,47.0,14.4,70.7,86.2,34.5,15.0,134
2025-03-19,27.3,46.5,12.1,73.3,96.9,35.7,17.2,147
2025-03-20,25.0,43.3,10.7,87.2,128.8,40.2,16.8,190
2025-03-21,29.0,45.9,12.5,76.3,151.4,28.4,17.5,147
2025-03-22,28.6,39.1,6.5,74.5,111.3,36.1,16.8,148
2025-03-23,26.1,47.3,7.9,78.0,127.5,29.7,18.7,165
2025-03-24,27.1,43.2,7.8,56.6,96.6,31.5,18.9,94
2025-03-25,26.1,42.9,11.9,63.0,102.7,32.1,12.7,113
2025-03-26,28.2,49.6,16.8,68.0,107.7,23.8,18.2,121
2025-03-27,30.4,55.9,18.3,43.7,52.0,27.0,11.9,72
2025-03-28,26.6,53.8,13.7,42.8,90.2,37.2,17.0,68
2025-03-29,29.7,41.7,13.3,43.6,96.9,34.5,16.9,76
2025-03-30,27.8,44.9,6.5,47.9,51.4,29.3,9.1,79
2025-03-31,27.4,54.8,10.4,43.6,54.4,30.5,14.9,76
2025-04-01,28.9,45.5,9.7,47.3,71.4,27.4,13.0,84
2025-04-02,27.1,49.6,10.3,34.6,40.9,35.3,12.0,61
2025-04-03,28.2,53.8,11.8,45.2,80.0,27.2,18.1,76
2025-04-04,27.0,46.5,10.9,54.0,75.5,29.0,12.0,85
2025-04-05,33.5,52.2,6.5,41.2,98.5,33.2,11.3,68
2025-04-06,29.7,45.3,14.8,51.8,100.8,23.3,13.8,83
2025-04-07,28.4,49.3,9.4,48.6,80.9,34.7,15.5,79
2025-04-08,30.3,54.2,13.4,46.6,89.9,18.9,12.9,75
2025-04-09,29.8,45.0,19.0,20.2,48.8,34.5,16.7,28
2025-04-10,29.6,55.5,10.1,47.5,67.6,24.2,14.6,69
2025-04-11,31.4,53.5,5.4,34.1,42.3,24.5,6.3,53
2025-04-12,31.8,56.7,12.2,42.7,69.4,16.1,11.2,72
2025-04-13,29.3,55.3,16.4,28.1,57.9,23.0,10.9,40
2025-04-14,29.3,61.4,19.1,27.0,45.2,19.8,13.9,45
2025-04-15,30.0,55.5,9.6,23.0,20.0,21.7,4.5,47
2025-04-16,26.1,53.1,14.8,17.0,20.0,23.9,19.9,33
2025-04-17,27.8,56.2,12.0,35.3,55.3,29.1,13.8,66
2025-04-18,33.6,58.6,13.2,17.2,26.5,25.2,12.5,30
2025-04-19,34.3,56.5,21.5,18.1,58.5,25.5,15.5,35
2025-04-20,30.6,56.8,9.2,17.5,20.0,18.3,18.9,25
2025-04-21,32.3,53.4,14.5,30.9,57.1,19.2,14.4,48
2025-04-22,31.9,53.9,15.3,10.0,38.3,32.4,14.5,15
2025-04-23,37.5,50.6,17.2,22.6,70.3,19.5,12.0,43
2025-04-24,33.7,66.7,14.3,27.0,37.2,31.3,11.1,52
2025-04-25,31.2,52.1,15.0,12.1,26.8,21.7,10.0,17
2025-04-26,29.7,55.2,13.0,27.3,52.3,22.8,8.9,44
2025-04-27,28.4,55.4,15.0,20.5,35.7,28.0,9.2,30
2025-04-28,32.1,63.8,13.3,14.6,21.8,28.8,7.2,26
2025-04-29,30.3,58.2,16.3,10.0,22.5,21.8,10.9,22
2025-04-30,29.0,66.2,13.4,10.0,20.0,20.3,6.1,15
2025-05-01,30.6,57.0,15.7,18.4,39.7,21.8,11.6,32
2025-05-02,29.8,62.1,14.5,10.0,20.0,23.7,10.9,15
2025-05-03,35.4,56.9,18.1,11.4,20.0,26.3,11.4,19
2025-05-04,33.9,72.1,14.6,12.6,50.8,21.8,9.3,23
2025-05-05,32.2,55.8,9.5,29.2,36.7,24.8,20.1,47
2025-05-06,35.2,63.6,18.7,10.0,20.0,29.8,14.9,16
2025-05-07,32.5,65.6,12.3,14.3,52.8,23.4,7.0,22
2025-05-08,30.6,64.8,13.1,23.3,24.9,23.0,11.4,43
2025-05-09,35.5,62.2,13.3,18.7,21.7,13.7,8.8,33
2025-05-10,33.5,62.8,19.3,10.0,20.0,8.1,7.6,17
2025-05-11,30.4,64.0,8.8,26.2,54.5,23.1,6.6,37
2025-05-12,32.2,63.4,24.7,10.0,20.0,20.6,11.9,15
2025-05-13,30.9,69.3,18.5,14.0,20.0,18.5,8.5,27
2025-05-14,29.9,75.8,16.1,15.9,20.0,22.2,13.4,26
2025-05-15,34.5,62.3,15.3,10.0,20.0,20.6,13.4,19
2025-05-16,36.5,58.6,16.4,10.0,20.0,26.5,14.6,25
2025-05-17,30.0,65.3,17.2,10.0,22.4,21.2,7.9,21
2025-05-18,33.9,79.0,17.6,10.0,22.3,17.0,11.8,17
2025-05-19,31.5,62.4,17.4,10.1,20.0,25.7,12.3,15
2025-05-20,31.9,74.9,16.1,22.9,52.7,19.6,8.9,25
2025-05-21,31.7,75.5,15.3,20.5,36.5,23.3,8.0,33
2025-05-22,31.2,64.6,15.4,10.0,36.8,18.2,15.1,15
2025-05-23,33.0,70.6,15.4,15.4,31.3,17.3,11.0,27
2025-05-24,31.3,76.2,19.4,16.3,42.5,20.9,12.2,26
2025-05-25,33.5,66.4,17.8,10.0,23.0,20.6,7.8,15
2025-05-26,32.9,67.6,7.3,31.8,71.1,22.9,6.6,44
2025-05-27,32.5,66.1,18.1,24.6,47.3,19.1,8.5,36
2025-05-28,31.2,64.2,16.8,16.7,25.2,11.2,9.8,30
2025-05-29,31.8,66.3,16.2,10.0,50.1,18.2,7.0,25
2025-05-30,34.5,63.8,15.1,19.2,44.0,24.3,10.1,31
2025-05-31,34.0,70.3,19.7,10.0,24.6,18.8,5.1,18
2025-06-01,31.0,66.6,19.2,10.0,20.0,19.1,6.8,21
2025-06-02,33.2,71.9,14.1,10.0,20.0,25.2,12.2,15
2025-06-03,34.5,63.3,17.7,20.2,36.7,16.7,11.9,35
2025-06-04,29.6,73.0,13.6,10.0,20.0,12.5,8.9,15
2025-06-05,34.1,75.8,12.4,27.6,35.0,19.4,7.1,50
2025-06-06,31.6,61.9,14.7,13.8,24.2,17.8,7.0,23
2025-06-07,34.1,74.0,19.2,10.0,39.8,15.4,9.0,18
2025-06-08,31.4,78.6,19.5,10.0,26.4,19.3,12.0,15
2025-06-09,29.3,66.7,18.2,10.0,20.0,22.6,12.9,20
2025-06-10,29.6,81.3,18.9,10.0,20.0,20.1,8.6,27
2025-06-11,33.0,75.3,18.3,12.0,20.0,21.7,6.6,15
2025-06-12,33.4,70.0,14.8,10.0,20.0,29.2,10.9,15
2025-06-13,31.0,73.5,18.1,10.0,20.0,18.4,7.6,17
2025-06-14,34.1,76.8,19.2,21.2,26.8,21.5,8.5,39
2025-06-15,29.4,74.6,19.1,10.0,20.0,17.6,14.0,15
2025-06-16,32.6,77.2,20.4,10.0,20.0,15.9,12.5,15
2025-06-17,30.2,70.1,19.0,16.7,20.0,17.2,10.5,34
2025-06-18,31.3,75.8,17.9,23.1,20.0,17.7,6.2,42
2025-06-19,32.7,68.1,20.1,10.0,46.8,21.9,10.7,15
2025-06-20,30.8,74.8,16.8,15.1,40.6,31.8,13.2,22
2025-06-21,31.7,71.1,14.3,22.3,30.0,16.5,8.9,44
2025-06-22,34.5,72.1,16.5,10.0,20.0,18.0,14.1,23
2025-06-23,31.2,82.2,14.7,10.0,20.0,19.7,13.9,21
2025-06-24,34.0,81.7,14.9,20.1,57.6,22.0,15.0,32
2025-06-25,30.0,79.5,16.5,22.2,64.0,21.4,10.9,37
2025-06-26,33.3,71.2,14.6,13.9,24.6,26.5,11.8,22
2025-06-27,35.0,75.2,16.1,10.0,31.4,7.9,14.3,22
2025-06-28,27.2,83.1,11.3,33.1,55.5,8.1,11.4,50
2025-06-29,30.4,77.9,17.6,10.0,20.0,17.6,8.5,15
2025-06-30,33.1,88.9,17.0,10.0,20.0,25.5,8.7,21
2025-07-01,31.5,79.5,14.5,11.7,20.7,12.2,10.7,19
2025-07-02,32.6,78.6,19.0,17.2,20.7,5.0,6.1,35
2025-07-03,30.6,76.3,19.8,10.0,20.0,22.9,9.6,15
2025-07-04,31.9,78.7,12.2,16.0,24.2,21.2,13.3,26
2025-07-05,31.3,77.4,14.7,12.7,20.0,14.6,3.4,16
2025-07-06,33.9,81.8,14.7,10.0,20.0,15.1,14.6,16
2025-07-07,32.0,83.2,14.1,14.4,20.0,15.2,13.4,16
2025-07-08,32.0,74.6,19.4,10.0,20.0,20.6,8.6,15
2025-07-09,30.5,72.0,16.4,10.0,20.0,16.9,11.6,15
2025-07-10,30.2,69.6,16.1,10.0,30.7,22.5,10.0,20
2025-07-11,30.2,81.5,10.9,10.0,20.0,5.7,13.7,20
2025-07-12,31.8,73.5,18.8,10.0,33.3,15.7,13.0,15
2025-07-13,30.1,68.4,13.2,10.0,36.8,14.4,5.8,23
2025-07-14,31.4,81.2,17.0,22.0,30.7,18.7,11.8,49
2025-07-15,34.9,91.8,17.7,19.3,20.0,17.3,9.4,32
2025-07-16,32.4,79.4,20.9,10.0,20.0,24.0,10.3,15
2025-07-17,29.9,83.7,12.9,10.0,20.0,10.7,7.8,30
2025-07-18,32.8,80.0,7.7,17.7,20.0,20.2,15.2,22
2025-07-19,29.5,79.1,17.3,10.0,20.0,22.8,13.1,16
2025-07-20,26.2,84.3,22.1,10.0,39.0,29.3,7.8,17
2025-07-21,28.1,78.3,20.4,10.0,26.0,17.6,6.0,23
2025-07-22,26.3,81.1,17.3,10.0,20.0,21.6,8.8,18
2025-07-23,29.2,81.5,15.1,13.5,20.0,11.0,11.3,20
2025-07-24,29.8,76.5,19.0,10.0,20.0,8.0,10.7,15
2025-07-25,33.1,84.9,13.6,10.0,20.0,24.2,13.8,15
2025-07-26,30.2,79.1,17.9,12.0,26.7,20.0,12.4,15
2025-07-27,29.0,76.2,18.0,10.0,20.0,25.9,12.9,16
2025-07-28,31.0,82.7,19.6,10.0,23.7,13.1,11.0,15
2025-07-29,24.8,75.5,24.7,10.0,45.0,22.6,5.8,15
2025-07-30,29.6,80.1,17.5,10.0,28.2,29.3,9.4,22
2025-07-31,30.6,80.0,14.8,12.4,20.0,22.1,13.2,18
2025-08-01,25.9,85.4,16.2,10.0,20.0,21.4,9.8,15
2025-08-02,31.1,82.4,10.9,11.7,20.0,20.0,11.5,18
2025-08-03,29.3,79.8,14.1,10.0,33.7,12.1,9.0,17
2025-08-04,27.7,84.0,14.9,10.0,20.0,26.8,6.9,15
2025-08-05,29.7,86.9,14.5,10.0,20.0,16.9,9.6,18
2025-08-06,32.8,82.7,16.5,10.0,20.0,22.5,10.9,15
2025-08-07,28.5,79.9,13.5,10.0,20.0,12.2,8.0,25
2025-08-08,28.5,73.2,19.3,10.0,20.0,14.1,9.3,19
2025-08-09,27.0,74.4,15.9,10.0,20.8,27.2,7.2,15
2025-08-10,26.1,78.1,15.8,10.0,20.0,18.3,13.4,15
2025-08-11,29.3,76.5,14.8,10.0,23.5,27.3,9.1,16
2025-08-12,25.8,78.6,16.2,10.5,20.0,19.6,14.4,20
2025-08-13,27.5,79.7,18.1,11.6,36.8,10.8,14.6,19
2025-08-14,26.3,82.0,13.0,10.0,20.0,24.5,9.8,15
2025-08-15,28.1,78.9,13.6,10.0,41.7,17.1,7.0,16
2025-08-16,27.6,81.6,14.6,10.0,20.0,23.5,3.7,15
2025-08-17,28.9,79.4,11.4,10.0,22.5,20.1,5.6,15
2025-08-18,25.7,69.1,12.9,10.0,23.1,12.3,5.9,15
2025-08-19,26.0,74.2,13.8,10.0,20.0,20.8,14.1,21
2025-08-20,24.5,78.0,17.8,10.0,22.4,31.0,10.3,18
2025-08-21,25.4,72.6,15.9,10.0,35.2,22.5,11.2,15
2025-08-22,26.9,81.5,15.7,10.0,20.0,19.7,3.3,26
2025-08-23,27.5,86.0,17.6,10.0,23.5,25.4,6.4,17
2025-08-24,24.0,84.3,14.5,10.0,20.0,21.1,12.7,15
2025-08-25,27.5,77.0,16.0,10.0,20.0,21.0,10.9,20
2025-08-26,28.3,85.4,14.5,10.0,40.4,14.5,9.6,18
2025-08-27,26.3,78.5,15.5,10.0,20.0,21.2,11.7,18
2025-08-28,29.1,75.9,12.9,10.0,20.0,25.2,14.9,15
2025-08-29,23.7,74.4,7.3,24.8,36.8,15.8,9.3,43
2025-08-30,22.6,75.8,14.1,10.0,47.0,27.1,10.2,15
2025-08-31,21.4,75.1,18.7,10.0,20.0,19.5,10.6,19
2025-09-01,27.8,77.8,17.1,10.0,20.0,15.6,17.2,15
2025-09-02,26.0,77.5,17.2,10.0,38.5,25.0,3.7,15
2025-09-03,24.4,76.5,17.9,30.1,76.0,18.6,12.0,58
2025-09-04,24.9,78.5,14.4,11.9,20.0,23.8,9.7,16
2025-09-05,22.0,82.1,14.6,10.0,20.0,18.5,11.7,15
2025-09-06,29.0,80.7,12.1,10.9,48.8,19.7,8.0,15
2025-09-07,24.2,68.3,12.9,10.0,39.9,22.5,9.9,15
2025-09-08,24.1,62.7,15.7,10.0,26.2,21.5,12.1,15
2025-09-09,25.1,79.9,17.3,10.0,20.0,10.0,19.3,15
2025-09-10,24.5,68.2,13.2,19.3,30.2,14.4,12.4,32
2025-09-11,23.9,73.7,12.2,10.0,20.0,24.6,7.5,16
2025-09-12,21.7,68.7,13.5,10.0,21.0,19.3,8.7,15
2025-09-13,24.1,65.3,15.2,10.0,37.8,17.4,8.6,16
2025-09-14,26.8,76.8,9.0,33.9,67.4,13.2,4.6,61
2025-09-15,25.6,77.7,6.3,17.3,20.0,14.6,9.0,27
2025-09-16,25.9,70.7,11.5,31.1,70.4,9.9,12.2,48
2025-09-17,21.6,60.4,9.4,24.0,43.2,19.5,6.2,38
2025-09-18,20.5,70.4,11.5,17.6,38.5,17.0,13.1,32
2025-09-19,22.1,74.8,12.5,15.0,46.0,15.2,11.5,32
2025-09-20,22.3,65.2,11.5,16.8,20.0,19.7,7.8,24
2025-09-21,24.3,73.2,17.1,10.0,20.0,21.8,9.6,17
2025-09-22,18.6,72.0,13.6,10.0,20.0,30.5,14.8,18
2025-09-23,24.9,74.7,13.5,18.3,20.0,12.4,12.2,25
2025-09-24,21.4,72.1,14.3,10.0,21.2,25.8,10.0,16
2025-09-25,20.7,66.3,9.0,10.0,53.7,24.9,9.3,15
2025-09-26,19.5,76.9,15.4,10.0,20.0,16.1,10.2,15
2025-09-27,18.0,69.8,12.0,29.1,46.0,21.0,8.5,50
2025-09-28,22.9,70.2,14.1,21.3,43.6,17.7,3.7,33
2025-09-29,21.3,65.4,8.8,16.1,27.7,20.9,16.1,27
2025-09-30,18.4,67.5,7.3,28.6,44.0,27.5,10.5,47
2025-10-01,18.3,65.0,14.3,10.0,20.0,23.0,11.2,15
2025-10-02,20.1,68.3,12.9,10.0,20.0,22.5,9.8,16
2025-10-03,24.0,77.4,9.0,10.0,20.0,17.8,7.8,15
2025-10-04,20.0,61.6,9.0,32.1,20.0,12.6,9.4,60
2025-10-05,17.4,60.1,14.9,10.0,33.9,19.0,5.2,15
2025-10-06,19.8,75.2,7.9,15.8,39.6,26.0,16.8,25
2025-10-07,19.6,66.5,16.3,10.0,20.0,12.4,6.3,15
2025-10-08,14.7,63.9,8.6,36.2,61.3,14.7,6.9,63
2025-10-09,19.9,72.1,13.1,26.6,58.7,20.6,8.7,42
2025-10-10,19.4,63.6,10.1,37.0,62.6,15.1,13.9,59
2025-10-11,21.2,75.4,12.8,10.0,29.6,16.0,10.0,20
2025-10-12,23.4,69.3,9.3,19.0,25.9,17.9,6.3,31
2025-10-13,21.8,63.2,10.4,10.0,35.7,13.2,13.8,19
2025-10-14,18.9,76.1,10.9,28.4,50.3,15.1,12.2,42
2025-10-15,17.1,61.9,7.7,10.0,20.0,23.5,11.6,15
2025-10-16,24.4,68.3,12.8,12.9,20.0,13.5,12.1,22
2025-10-17,19.3,65.8,9.0,10.0,20.3,12.0,17.2,15
2025-10-18,19.1,70.4,9.7,10.0,20.0,16.8,16.6,19
2025-10-19,18.9,71.4,7.4,10.6,20.0,23.7,7.9,17
2025-10-20,19.3,63.4,2.6,20.0,20.0,19.0,14.9,34
2025-10-21,18.5,59.1,9.6,10.2,20.0,17.7,11.1,15
2025-10-22,17.6,64.9,17.3,10.0,47.9,20.2,11.5,26
2025-10-23,17.5,58.8,12.4,19.8,51.6,11.3,4.9,32
2025-10-24,18.5,72.0,9.9,10.0,44.8,22.5,9.5,20
2025-10-25,17.4,62.2,9.1,18.6,20.0,21.9,7.6,26
2025-10-26,17.0,59.4,9.9,27.4,44.9,18.0,12.5,47
2025-10-27,18.5,61.8,11.4,10.0,20.0,25.0,13.2,15
2025-10-28,17.7,53.8,6.1,13.7,20.0,14.4,3.8,25
2025-10-29,21.2,55.3,12.9,10.0,20.0,25.6,9.9,15
2025-10-30,12.8,65.8,11.6,24.3,57.5,20.8,13.4,40
2025-10-31,20.2,56.2,11.6,14.6,20.0,18.3,9.4,27
2025-11-01,20.5,53.9,10.7,10.0,32.0,19.9,12.2,15
2025-11-02,13.7,61.5,9.3,20.8,42.4,19.5,11.1,31
2025-11-03,17.1,64.4,11.2,10.0,50.6,26.1,11.0,18
2025-11-04,17.0,61.7,10.9,20.5,20.0,14.6,9.2,44
2025-11-05,14.9,62.7,8.0,22.1,54.2,16.2,6.4,36
2025-11-06,16.1,53.6,7.3,16.0,42.8,25.2,6.6,29
2025-11-07,15.4,50.0,9.2,10.0,20.0,17.0,12.1,16
2025-11-08,21.1,64.3,13.5,10.0,31.1,24.5,10.1,26
2025-11-09,19.4,54.8,5.1,27.7,49.4,28.5,9.6,37
2025-11-10,20.0,54.8,4.3,35.8,53.9,18.0,8.7,60
2025-11-11,18.9,62.4,9.2,10.0,20.0,23.4,9.1,15
2025-11-12,15.1,58.2,8.7,21.5,23.6,14.2,13.1,23
2025-11-13,16.3,57.3,9.1,10.0,46.7,23.8,9.0,18
2025-11-14,18.3,65.6,9.2,10.3,20.0,21.0,6.0,17
2025-11-15,14.8,51.2,7.7,18.1,40.7,22.4,12.2,28
2025-11-16,18.6,58.7,12.8,10.0,20.0,16.8,9.4,16
2025-11-17,16.7,54.0,3.5,15.4,20.0,11.7,10.1,41
2025-11-18,16.4,54.8,5.8,14.7,39.7,22.5,14.8,23
2025-11-19,18.6,60.7,7.9,21.1,20.0,9.7,9.9,37
2025-11-20,18.0,55.3,3.2,23.3,31.1,18.4,10.9,35
2025-11-21,16.4,55.1,7.5,10.0,20.0,24.7,6.5,18
2025-11-22,19.4,57.5,13.0,10.0,20.0,21.0,9.3,15
2025-11-23,14.9,50.0,8.0,11.9,20.0,29.7,11.8,17
2025-11-24,18.3,47.3,8.6,21.7,40.6,25.1,5.3,45
2025-11-25,18.2,46.0,4.1,10.0,26.4,16.7,10.6,22
2025-11-26,16.4,41.1,6.0,16.0,36.7,20.1,10.3,27
2025-11-27,17.7,60.9,6.6,14.8,20.0,19.8,10.1,15
2025-11-28,14.5,44.8,6.8,33.7,49.7,12.1,13.1,54
2025-11-29,18.8,48.9,11.5,10.0,33.9,15.3,11.0,30
2025-11-30,16.6,48.3,9.3,19.9,45.2,17.2,14.4,31
2025-12-01,16.0,50.9,4.3,25.0,20.0,9.8,7.0,47
2025-12-02,19.1,53.2,8.3,10.0,21.3,20.2,10.4,23
2025-12-03,15.6,53.1,9.0,24.2,20.0,18.8,10.3,41
2025-12-04,14.2,45.6,10.9,15.8,26.0,11.6,6.8,22
2025-12-05,13.9,47.4,12.2,16.8,55.3,22.0,12.9,15
2025-12-06,18.3,49.4,4.4,62.7,86.1,23.6,17.0,112
2025-12-07,14.5,46.5,4.9,10.0,20.0,21.1,9.9,15
2025-12-08,20.6,55.5,3.6,41.9,78.5,18.4,11.5,70
2025-12-09,12.9,49.6,6.6,17.2,20.0,23.0,10.3,22
2025-12-10,20.5,50.6,8.7,19.8,22.3,23.4,7.9,31
2025-12-11,17.6,50.0,10.2,14.2,31.7,21.5,4.5,23
2025-12-12,17.0,52.3,7.0,15.3,20.0,15.9,7.9,26
2025-12-13,16.1,47.0,6.2,14.9,20.4,21.4,5.8,19
2025-12-14,18.0,39.4,7.6,21.8,46.1,26.0,15.1,42
2025-12-15,17.2,47.6,4.7,10.0,22.3,17.0,9.7,15
2025-12-16,19.5,42.2,13.4,137.4,223.8,60.5,24.0,305
2025-12-17,17.6,42.5,2.3,142.4,222.7,47.4,27.7,316
2025-12-18,17.7,47.9,7.7,127.1,208.9,50.1,21.6,305
2025-12-19,16.7,50.9,13.2,125.5,198.9,46.6,22.7,305
2025-12-20,17.4,44.6,7.1,151.5,249.2,51.0,25.1,331
2025-12-21,18.1,45.8,6.5,134.2,207.2,41.1,28.0,309
2025-12-22,14.2,52.6,6.0,143.6,226.9,47.0,26.4,317
2025-12-23,14.9,45.1,6.5,131.5,195.5,44.2,25.6,303
2025-12-24,19.2,56.7,11.1,139.0,221.8,50.2,25.0,318
2025-12-25,18.1,46.3,2.0,151.4,230.2,54.4,25.9,325
2025-12-26,17.4,34.5,11.6,148.1,220.3,52.5,25.2,319
2025-12-27,17.9,46.9,2.7,140.6,228.8,37.2,21.5,306
2025-12-28,18.6,44.8,6.2,143.1,232.2,59.1,24.6,325
2025-12-29,16.9,49.2,5.7,137.4,231.7,50.2,21.2,307
2025-12-30,16.5,45.9,8.8,144.1,224.0,44.7,24.5,315
